run_id,produto,termo_busca,categoria_busca,loja,preco,link,disponivel,data_coleta
6d287412a001,"skinceuticals , SkinCeuticals Blemish + Age Cleansing - Gel de Limpeza Facial 300g ,",gel de limpeza facial,limpeza,Beleza na Web,229.9,https://b.us5.us.criteo.com/rm?dest=https%3a%2f%2fwww.belezanaweb.com.br%2fskinceuticals-blemish-age-cleansing-gel-de-limpeza-facial-300g%3fsellerId%3dbeleza&sig=1--zE6_lebbmxyB8rvY67_koZ__NvelR2dbXUFzGPxQIY&rm_e=XIJ66QdqZz9Unrcg6AQ4MeANSWFa1IHJUCeWE_4k89sqXf5Xg90S370YdWjpNifrJ4_zZRjR9S4OguFr5VaJf1UKI8-tr8Obq9dqC39chabGra7_9xkJzEJAIAMmmboG-UoGgtbwBrLJKvbOgxd8fjdsS47yBpn2jos2q68JCIyzotN6WC7ub-V_4fvEAkIN0WpMpoaYKrUBwvDnaQ31z_-JZd7iXaNxiydHKV6ucRXPgi0KQj3_vnxmo0SoiUT-oCQ3QvIjaTkegYfrVvwtfWgJA-RpNO8F7lYs16lWGnCPJbNovkRGGCQK3FquDGbiTV-5LS27NUHFbIJsQZ0Wi4MTZRFGGKTfPjugctUWif0u1MGa1DCpH8OJ4m1YqnGT1x0f1OhooFkCKsM_E_6u2Wa0Iy2xkAi8dhApMKdEr9c&ev=4,True,2026-06-04 02:04:08
6d287412a001,"bioderma , Bioderma Sensibio Gel Moussant - Gel de Limpeza Micelar Facial 525g ,",gel de limpeza facial,limpeza,Beleza na Web,169.9,https://b.us5.us.criteo.com/rm?dest=https%3a%2f%2fwww.belezanaweb.com.br%2fbioderma-sensibio-gel-moussant-gel-de-limpeza-micelar-facial-525g%3fsellerId%3dbeleza&sig=1-cwCFmebPxMCwAqJe_v-I-GqqJhZPBo8aaAnofd0D3EI&rm_e=UXxvj-G0WN2kDhPXQCglW11WOnZsxy4C6cnfezu8JRHpwdds6VxaEolOCoAh0neYLh6aEpZzhhdCsY_Lh1bC713EEWZLBDLuDPOFzWFj4tr-ms6H0NNDfEM93uHjlBM-3eajV1lBNe7gwlDw7Jk5wx82u-rW4-sVuNzTqeQ5lwCsb8f5DAg76mdGgpyXJaJ4yQAlclEno1zeFLQfGSF-aw-vvty3Q6UkaeGdXRRiCB1zvFdoVx06HZCw1mb7Z4Vw-StejCA0mLcJoahAq-3hRmWiOtxzyNrXNRrSkXDzTsxgNM5Nbb3EbXK8iu5uUEvKOIoetdUtkFzoFoReOrETAghwoe8KjY26Edee39FJm5wzv9GQe22TxQZc1GGz3Y9tWWrdT_qVOSYWAfTIR-FVwKVk314cQr6H_xBa2ZFZf73kP7bh9O2qATpSvzqveDdS&ev=4,True,2026-06-04 02:04:08
6d287412a001,"Darrow , Actine - Gel de Limpeza Facial 400g , Outlet ,",gel de limpeza facial,limpeza,Beleza na Web,122.42,https://www.belezanaweb.com.br/darrow-actine-gel-de-limpeza-facial-400g/,True,2026-06-04 02:04:08
6d287412a001,"SkinCeuticals , Blemish + Age Cleansing - Gel de Limpeza Facial 300g , Preço menor no App ,",gel de limpeza facial,limpeza,Beleza na Web,229.9,https://www.belezanaweb.com.br/skinceuticals-blemish-age-cleansing-gel-de-limpeza-facial-300g/,True,2026-06-04 02:04:08
6d287412a001,"Neutrogena , Deep Clean - Gel de Limpeza Facial 150g , Preço menor no App ,",gel de limpeza facial,limpeza,Beleza na Web,39.9,https://www.belezanaweb.com.br/neutrogena-deep-clean-gel-de-limpeza-facial-150g/,True,2026-06-04 02:04:08
6d287412a001,"NIVEA , Equilíbrio Nutritivo - Sabonete Gel de Limpeza Facial 150ml ,",gel de limpeza facial,limpeza,Beleza na Web,35.9,https://www.belezanaweb.com.br/nivea-equilibrio-nutritivo-sabonete-gel-de-limpeza-facial-150ml/,True,2026-06-04 02:04:08
6d287412a001,"La Roche-Posay , Effaclar - Gel de Limpeza Facial Antiacne 300g , Preço menor no App ,",gel de limpeza facial,limpeza,Beleza na Web,127.9,https://www.belezanaweb.com.br/la-rocheposay-effaclar-gel-de-limpeza-facial-antiacne-300g/,True,2026-06-04 02:04:08
6d287412a001,"Avène , Cleanance - Gel de Limpeza Facial 400g , Dermocosmético ,",gel de limpeza facial,limpeza,Beleza na Web,122.9,https://www.belezanaweb.com.br/avene-cleanance-gel-de-limpeza-facial-400g/,True,2026-06-04 02:04:08
6d287412a001,"eucerin , Eucerin DermoPure Gentil - Gel de Limpeza Facial Antiacne 400g ,",gel de limpeza facial,limpeza,Beleza na Web,99.9,https://b.us5.us.criteo.com/rm?dest=https%3a%2f%2fwww.belezanaweb.com.br%2feucerin-dermopure-gentil-gel-de-limpeza-facial-antiacne-400g%3fsellerId%3dbeleza&sig=1-ufTuDa37OOsJYhxrY7RyRpFA_PDSgVdiZ7BwiaMo_vE&rm_e=bVOsjRsd1yH3MvZLzQI2lX8-eLiSKOchjh6l-qXXGX1yX4mxhm0rvOFoDqZxzL8ohVf50Br_Pw2vn1BXkAKVgX9nekW5-k3R3sDDQTJBj47fV5dQYezVdTI8bURco81X8w_pX1arMpFiNHwZXnAXZc-RN5Alxjw38y_4g1fnk-AArmOBlsJk7v9g3wPEoRCNI_bTJlIeYiDadKvpKRU5nsUYu9yIOFgG64YukRhmjEmU3AH7l0gofGII-uBS6adWXdvWcCCTVlyJg7wkJ8iBNqiQ2QZipyoCiiFlQohlEm223WZSQmENOqWFUkBuHj8UPplYyQ9MuvZDbUcEP4Do4CVyFzR1hgHh64eg6kgEGpNncIKZKtn6JMspMP51_rbqVEb5NNxMaThYXlcEH9Qt-SCK59JaMhBfRNuiaDL1gIs&ev=4,True,2026-06-04 02:04:08
6d287412a001,"principia , Principia GL-02 - Gel de Limpeza Facial 350g ,",gel de limpeza facial,limpeza,Beleza na Web,49.0,https://b.us5.us.criteo.com/rm?dest=https%3a%2f%2fwww.belezanaweb.com.br%2fprincipia-gl02-gel-de-limpeza-facial-350g%2f%3fsellerId%3d66bf8cd4b432743f8607f222&sig=1-_b3eeqqTojpD5GAIGIm-dcPJoUBSS-W95BL-H2e6xIs&rm_e=vK-35FUHpCICQWun-2ER4eg8mvwdujqzGrGciRdp-ctaomtxsNB687Ch5Hi9CvW_AKYSu_lhQpv7Z1x-kl98z1qfv26ESGIAOBD-LGz3-j7KUOQXcD9JUC6gE1QnwXIhekt2m1ocCXEPz-2Rhojr65uUvMDUq6Fgd36Z8LVP4B2wGvQsELaalz1Op-nh_HNT_qU7f0j4EInrNR5sXN_LDIqZGuK6ZRXHnFaYeqPaGZiVzjzSXSgh7X19lCheIhb67JtKTwsNbojzzd7WvQgYWYgOvfv2ooLVBhRsQWUBbYgulZb4rcJszSCUX8vjsraPGvHuC89gqkdGEKHVXQp5HAx0LWUy0bS6AYbUUhwuWUruj7WcLxIGNN1k2s9RYHeCBzntEXpUpjCjUjZS_FBYeNC3NXh5PkSF_xpM1P_C4Vw&ev=4,True,2026-06-04 02:04:08
6d287412a001,"Lecieza , - Gel de Limpeza Facial 150ml , Vencimento Ago/26 ,",gel de limpeza facial,limpeza,Beleza na Web,69.9,https://www.belezanaweb.com.br/lecieza-gel-de-limpeza-facial-150ml/,True,2026-06-04 02:04:08
6d287412a001,"CeraVe , Acne Control - Gel de Limpeza Facial 340g ,",gel de limpeza facial,limpeza,Beleza na Web,105.9,https://www.belezanaweb.com.br/cerave-acne-control-gel-de-limpeza-facial-340g/,True,2026-06-04 02:04:08
6d287412a001,"Profuse , Nutrel Sensitive - Gel de Limpeza Facial 150ml , Outlet ,",gel de limpeza facial,limpeza,Beleza na Web,132.21,https://www.belezanaweb.com.br/profuse-nutrel-sensitive-gel-de-limpeza-facial-150ml/,True,2026-06-04 02:04:08
6d287412a001,"Garnier , SkinActive Uniform & Matte - Gel de Limpeza Facial Antibacteriano 150ml ,",gel de limpeza facial,limpeza,Beleza na Web,34.9,https://www.belezanaweb.com.br/garnier-skinactive-uniform-e-matte-gel-de-limpeza-facial-antibacteriano-150ml/,True,2026-06-04 02:04:08
6d287412a001,"Principia , GL-02 - Gel de Limpeza Facial 350g ,",gel de limpeza facial,limpeza,Beleza na Web,49.0,https://www.belezanaweb.com.br/principia-gl02-gel-de-limpeza-facial-350g/,True,2026-06-04 02:04:08
6d287412a001,Hidratante Antimanchas Uniformizador Facial La Roche-Posay Mela B3 Double Dose 40ml,hidratante facial,hidratacao,Drogasil,309.9,https://www.drogasil.com.br/la-roche-posay-mela-b3-double-dose-creme-facial-antimanchas-mais-sustentacao-40ml-1445143.html?origin=search,True,2026-06-04 02:04:16
6d287412a001,Loção Hidratante Facial CeraVe Oil Control Hidratação Sem Oleosidade com Ácido Hialurônico 52g,hidratante facial,hidratacao,Drogasil,122.9,https://www.drogasil.com.br/cerave-locao-facial-oil-control-52g-1073919.html?origin=search,True,2026-06-04 02:04:16
6d287412a001,Loção Hidratante Facial CeraVe Hidratação Leve para Rosto com Ceramidas 52ml,hidratante facial,hidratacao,Drogasil,122.9,https://www.drogasil.com.br/cerave-locao-facial-hidratante-52ml.html?origin=search,True,2026-06-04 02:04:16
6d287412a001,Gel Hidratante Facial Eucerin Hy-fi Daily Booster Sérum 30ml,hidratante facial,hidratacao,Drogasil,159.9,https://www.drogasil.com.br/gel-hidratante-facial-eucerin-hyaluron-filler-ultra-leve-daily-booster.html?origin=search,True,2026-06-04 02:04:17
6d287412a001,Hidratante Facial Needs Beauty Vitamina C 50g,hidratante facial,hidratacao,Drogasil,31.99,https://www.drogasil.com.br/needs-hidratante-facial-vita-c-50g.html?origin=search,True,2026-06-04 02:04:17
6d287412a001,Hidratante Facial Needs Beauty Ácido Hialurônico e Pepino 100g,hidratante facial,hidratacao,Drogasil,34.99,https://www.drogasil.com.br/needs-hidratante-gel-facial-7-em-1-acido-hialuronico-e-pepino-100g.html?origin=search,True,2026-06-04 02:04:17
6d287412a001,Creme Hidratante Facial Needs Beauty Rosa Mosqueta 100g,hidratante facial,hidratacao,Drogasil,34.99,https://www.drogasil.com.br/needs-hidratante-facial-rosa-mosquete-esqualano-100g.html?origin=search,True,2026-06-04 02:04:17
6d287412a001,Creme Hidratante Principia Skincare CH-01 5% Manteiga de Karité + 5% Glicerina + 2% Niacinamida 50g,hidratante facial,hidratacao,Drogasil,39.0,https://www.drogasil.com.br/principia-creme-hidratante-5-manteiga-de-karite-5-glicerina-2-niacinamida-principia-skincare-ch-01-50g-1317513.html?origin=search,True,2026-06-04 02:04:17
6d287412a001,Creme Hidratante Facial Creamy Skincare Calming Cream 40g,hidratante facial,hidratacao,Drogasil,59.99,https://www.drogasil.com.br/creamy-skincare-creme-hidratante-facial-calming-cream-40g.html?origin=search,True,2026-06-04 02:04:17
6d287412a001,Hidratante Facial Antimanchas Garnier Vitamina C Toque Seco Reduz Manchas em -34% 85g,hidratante facial,hidratacao,Drogasil,38.9,https://www.drogasil.com.br/garnier-hidratante-facial-vitamina-c-antimanchas-85g-1177215.html?origin=search,True,2026-06-04 02:04:18
6d287412a001,Creme Facial Neutrogena Face Care Intensive Hidratante Matte 3 em 1 com 100g,hidratante facial,hidratacao,Drogasil,48.99,https://www.drogasil.com.br/neutrogena-face-care-intensive-hidratante-matte-3-em-1-com-100g.html?origin=search,True,2026-06-04 02:04:18
6d287412a001,Creme Hidratante Uniformizador Vult Facial 7 em 1 100g,hidratante facial,hidratacao,Drogasil,32.99,https://www.drogasil.com.br/vult-facial-hidratante-creme-uniformizador-7-em-1-100g.html?origin=search,True,2026-06-04 02:04:18
6d287412a001,Creme Facial Nutritivo Nivea 100g,hidratante facial,hidratacao,Drogasil,39.99,https://www.drogasil.com.br/nivea-care-creme-facial-nutritivo-100g.html?origin=search,True,2026-06-04 02:04:18
6d287412a001,Hidratante Facial Neutrogena Hydro Boost Water Gel 50g,hidratante facial,hidratacao,Drogasil,102.99,https://www.drogasil.com.br/neutrogena-hydro-boost-water-gel.html?origin=search,True,2026-06-04 02:04:18
6d287412a001,Hidratante Facial Antiacne Garnier Salicílico Toque Seco Controla Oleosidade por 8h 85g,hidratante facial,hidratacao,Drogasil,38.9,https://www.drogasil.com.br/garnier-hidratante-facial-salicilico-antiacne-85g-1177109.html?origin=search,True,2026-06-04 02:04:18
6d287412a001,"principia , Principia CH-01 - Creme Hidratante 50g ,",hidratante facial,hidratacao,Beleza na Web,39.0,https://b.us5.us.criteo.com/rm?dest=https%3a%2f%2fwww.belezanaweb.com.br%2fprincipia-ch01-creme-hidratante-50g%2f%3fsellerId%3d66bf8cd4b432743f8607f222&sig=1-gn1tcWFvRoBTumkew1lYJIm48rJC7Mng_zE7pNyQphg&rm_e=APCsIHY7n1w9RDL5rNcTOqL6j_Ky6LwRfcks8dF072OQLDzg3o25SkAHnDCFXqOz_u19BwuQVlOLNLPnKBPhuHrr_y7_BEYSCP2n37Jkclex6xaNEMVjT2GA-10-DdtBLr0LcAHhPbGs-n9WcgIr5VMfjV_URfthRYXqydwrtaLX5_b359RSEmSQ1moyBI2CttIUL7P4HPadfc6xNpZoi-hC4cBIe_EbLAsmg_yp_sIiHxqW4JrlRG-AxoSu3cHz5f-9hm3K4vj-mvh4YwUt9LgSKWOq-dhPW3gF8K-CFcT4N4aBWK7-W4_Aw9Xv8YIOoo-H-0uFJutd1Hc1Fcxy_YJlEpaRNSJK7rxBgn8ktpgT1y6ezV3_RpDxmoSQ6vVaWwhY61xkLMIDBhGMFsQb_-bA9vI5j2rZq-m3J7JDCYW-_FZYo2Q6a1ZOSUws0QnPOSVKzjo_YSQrtWarohWwoJJQaGCU-csyFNMqaGe2yG8&ev=4,True,2026-06-04 02:04:30
6d287412a001,"bioderma , Bioderma Cicabio Crème+ - Creme Ultra-Reparador Calmante 20ml ,",hidratante facial,hidratacao,Beleza na Web,43.61,https://b.us5.us.criteo.com/rm?dest=https%3a%2f%2fwww.belezanaweb.com.br%2fbioderma-cicabio-creme-creme-ultrareparador-calmante-20ml%3fsellerId%3dbeleza&sig=1-hpfBnl_ct-XblJ1pVKSzWq71yVwMLB9ZyIrofSGOgjA&rm_e=KmCSC-jqBm4q86suv7zxEadut_x90M8xgaJ81Wvwucoh5EzQeqvUTggTU32-qSpU026-UDbGJXF-IAfrfARHGkXpRdkp7tiWYw7Vjs6KHYjEw0d43HG2BwhttiqDmRvmOi2nsKW_weAR5b-h9qdd4Q5WFyQ1gIm8hFkzNPuhuIOzRQ-XqHWiXZSU28SN4_8jPWpL0Uu-eulZb5AW4N6uxKotSASNX0pKLVXtR1D3vObtcJ3_Cktu-6WyNNfss6XuoMSHp58QyS8m8E8yYijEfQoz4tGcbAOX_-hwylwp_OELMx6fWKR51i9PUo9YRIADKrFqTQu-V27Kb_xXUh7qaf3c2lXdPd31GtXUwxQICb8MUAXiyv-VING61PP71GH88O6LmZs82A61HVnld2boeXGtpTQAP7oWTiKbMz-BFDdwJmlS6yyVzeN29q1twsM13DU2Snvx7GJ6CpF9y0HzTw&ev=4,True,2026-06-04 02:04:30
6d287412a001,"Cetaphil , Kit Loção Hidratante Corporal e Facial (2 Unidades) , Aproveite ,",hidratante facial,hidratacao,Beleza na Web,269.8,https://www.belezanaweb.com.br/kit-cetaphil-locao-hidratante-corporal-e-facial-2-unidades/,True,2026-06-04 02:04:30
6d287412a001,"Neutrogena , Hydro Boost Water Gel - Hidratante Facial 50g , Preço menor no App ,",hidratante facial,hidratacao,Beleza na Web,102.9,https://www.belezanaweb.com.br/neutrogena-hydro-boost-water-gel-hidratante-facial-50g/,True,2026-06-04 02:04:30
6d287412a001,"Darrow , Actine Aquaforce - Gel Hidratante Facial 40g , Outlet ,",hidratante facial,hidratacao,Beleza na Web,86.9,https://www.belezanaweb.com.br/darrow-actine-aquaforce-gel-hidratante-facial-40g/,True,2026-06-04 02:04:30
6d287412a001,"Shiseido , Vital Perfection Uplifting and Firming Advanced Cream - Creme Hidratante Facial 50g ,",hidratante facial,hidratacao,Beleza na Web,970.9,https://www.belezanaweb.com.br/shiseido-vital-perfection-uplifting-and-firming-advanced-cream-creme-hidratante-facial-50g/,True,2026-06-04 02:04:30
6d287412a001,"Dior , Hydra Life Sorbet Fraicheur - Creme Hidratante Facial 50ml , Cruelty Free ,",hidratante facial,hidratacao,Beleza na Web,629.0,https://www.belezanaweb.com.br/dior-hydra-life-sorbet-fraicheur-creme-hidratante-facial-50ml/,True,2026-06-04 02:04:30
6d287412a001,"Hada Labo , Gokujyun - Loção Hidratante Facial 170ml , Preço menor no App ,",hidratante facial,hidratacao,Beleza na Web,109.9,https://www.belezanaweb.com.br/hada-labo-gokujyun-locao-hidratante-facial-170ml/,True,2026-06-04 02:04:30
6d287412a001,"eucerin , Eucerin Aquaphor - Pomada Reparadora Intensiva 49g ,",hidratante facial,hidratacao,Beleza na Web,96.9,https://b.us5.us.criteo.com/rm?dest=https%3a%2f%2fwww.belezanaweb.com.br%2feucerin-aquaphor-pomada-reparadora-intensiva-49g%3fsellerId%3dbeleza&sig=1-0ieIPOkWmEijEEv_b7-5xFwfPkiW80xonuZJZEflIJs&rm_e=W1CC9-iT8_OFPqupbSAxIcW7eni5mXIR8l7CPMgKOx22XIV-WpGauWREcIP9FqnrmoYYPSTvvTet51mI845HXYnEoAeA6WX3nK8iKcyZXpwDmnhuWktn4wwCojFeeSTR1G3GHgNdsoplS3SXOR7uGZkEsJC1Xo4gKtjBCFV4wJMjlzQ5AQQx42ott0ixWQFqUDE7VsiVS5TBrocL9QOH5iFexUIMvOsRTCdFGqeJsYfhdCseYXMZtWxwtIndzPZ8CLNKi5z1_bfLYmr2DWnfO3xp-a4QeHCeiIPhUdY-PGROzMUpezzO-KTbvBuMdT7if4oMgVSoJ23vk-UEs1xk7WXX8HIblzvc6aH7-x6JfdxUu5_hPCZYUsMS-gco7QqRfxbo6ScNBZhIkNza94agi9orNciNEUpwSzjdQtJ_l_APYNS4H_Tm5q6fkncutYGFUk2jhDOXu72Pepp8nsDNrA&ev=4,True,2026-06-04 02:04:30
6d287412a001,"nivea , NIVEA 7 em 1 - Creme Facial Nutritivo Ultraleve 100g ,",hidratante facial,hidratacao,Beleza na Web,37.9,https://b.us5.us.criteo.com/rm?dest=https%3a%2f%2fwww.belezanaweb.com.br%2fnivea-7-em-1-creme-facial-nutritivo-ultraleve-100g%3fsellerId%3dbeleza&sig=1-1VjOQnHckMDiZ-FY4Nft61z10MM8mXFTiz4YHCHaKtI&rm_e=eshd_f9V2jYURej1CFtO7hQk3EtAn-YJn73DDgOnWhoR6ItJUdUe4dMCXO6G4qpgjCMFjhxvq2Y0S4iCnXmgucl1Eez8smJzCAGRt2gHlWrl5_TBEr1YDetbsqjqlT5oIz3qE00evyBzXFpz79th0-fBzIwAkgQYNFFml9vJNAyHapGW6VG1irmjGOJxZyUjBgWlowvh8LhYF5wj1FPvCfIv9re8twW_BsHMURSp1PIMWyFS4OTZFnYoEyVhKg8hX1xsVDJgQo4ji5TSJyk52uUgBreOJuFCp25NNIRDomxOPZAKUNjYPxqQ3f9unzp_zb-eRt2pEdLOkMnYo7YKhLTVjtW5n7xM1vEq46yj1HLdjhi1vHyFR7TWzEhaxH1S06RfrfNWEIT1g2CSIzdwJcPzInL4koJ6UKL7ZSRO26roDkbni6IBglohJsBsXw4fspXX4lTvgwXMeAdcMfbtvQ&ev=4,True,2026-06-04 02:04:30
6d287412a001,"Vult , Facial Creme Uniformizador - Hidratante Facial 100g , Outlet ,",hidratante facial,hidratacao,Beleza na Web,33.9,https://www.belezanaweb.com.br/vult-facial-creme-uniformizador-hidratante-facial-100g/,True,2026-06-04 02:04:30
6d287412a001,"Neutrogena , Hydro Boost - Sérum Hidratante Facial 30ml ,",hidratante facial,hidratacao,Beleza na Web,137.9,https://www.belezanaweb.com.br/neutrogena-hydro-boost-serum-hidratante-facial-30ml/,True,2026-06-04 02:04:30
6d287412a001,"CeraVe , Moisturising - Loção Hidratante Facial 52ml , Dermocosmético ,",hidratante facial,hidratacao,Beleza na Web,125.9,https://www.belezanaweb.com.br/cerave-moisturising-locao-hidratante-facial-52ml/,True,2026-06-04 02:04:30
6d287412a001,"Avène , Cleanance Aqua-Gel - Hidratante Facial 30g , Dermocosmético ,",hidratante facial,hidratacao,Beleza na Web,148.9,https://www.belezanaweb.com.br/avene-cleanance-aquagel-hidratante-facial-30g/,True,2026-06-04 02:04:30
6d287412a001,"Shiseido , Men Total Revitalizer Cream - Creme Hidratante Facial 50ml ,",hidratante facial,hidratacao,Beleza na Web,430.9,https://www.belezanaweb.com.br/shiseido-men-total-revitalizer-cream-creme-hidratante-facial-50ml/,True,2026-06-04 02:04:30
6d287412a001,Protetor Solar Facial FPS 50 Filtrum Sensi Sem Cor 50g,protetor solar facial,protecao_solar,Drogasil,112.5,https://www.drogasil.com.br/filtrum-sensi-protetor-solar-facial-sem-cor-fps-50-50g.html?origin=search,True,2026-06-04 02:04:36
6d287412a001,Protetor Solar Facial La Roche-Posay Anthelios Ultra Cover FPS 60 Cor 3.0 Cobertura e Proteção 30g,protetor solar facial,protecao_solar,Drogasil,99.9,https://www.drogasil.com.br/anthelios-protetor-solar-facial-lrp-ultra-cover-pele-clara-fps60-30g.html?origin=search,True,2026-06-04 02:04:36
6d287412a001,Protetor Solar Facial Neutrogena Sun Fresh Derm Care Oil Control Fluido FPS 80 Sem Cor 40ml,protetor solar facial,protecao_solar,Drogasil,91.99,https://www.drogasil.com.br/neutrogena-sun-fresh-derm-care-oil-control-fluido-sem-cor-fps80-40ml-1328286.html?origin=search,True,2026-06-04 02:04:36
6d287412a001,Protetor Solar Facial Neostrata Minesol Oil Control FPS 70 40g,protetor solar facial,protecao_solar,Drogasil,117.99,https://www.drogasil.com.br/neostrata-minesol-oil-control-protetor-solar-gel-creme-toque-seco-fps70-40g.html?origin=search,True,2026-06-04 02:04:37
6d287412a001,Protetor Solar Facial Needs Controle de Oleosidade FPS 70 40g,protetor solar facial,protecao_solar,Drogasil,49.9,https://www.drogasil.com.br/needs-protetor-solar-facial-controle-de-oleosidade-sem-cor-fps70-40g.html?origin=search,True,2026-06-04 02:04:37
6d287412a001,Protetor Solar Facial FPS 70 Needs Hidratação Equilibrada 40g,protetor solar facial,protecao_solar,Drogasil,56.9,https://www.drogasil.com.br/needs-protetor-solar-facial-hidratacao-equilibrada-fps70-sem-cor-40g.html?origin=search,True,2026-06-04 02:04:37
6d287412a001,Protetor Solar Facial Bioderma Photoderm X Defense FPS 50+ Invisível 40ml,protetor solar facial,protecao_solar,Drogasil,115.9,https://www.drogasil.com.br/photoderm-xdefense-spf-50-invisible-40ml-1319993.html?origin=search,True,2026-06-04 02:04:37
6d287412a001,Protetor Solar Facial Isdin Fusion Water Edição Roland Garros FPS 60 50ml,protetor solar facial,protecao_solar,Drogasil,114.9,https://www.drogasil.com.br/fp-fusion-water-ed-roland-garros-fps60-50ml-1270663.html?origin=search,True,2026-06-04 02:04:37
6d287412a001,Protetor Solar Facial Needs Firmeza & Antissinais FPS 70 40g,protetor solar facial,protecao_solar,Drogasil,49.9,https://www.drogasil.com.br/needs-protetor-solar-facial-firmeza-e-antissinais-fps70-40g.html?origin=search,True,2026-06-04 02:04:37
6d287412a001,Protetor Solar Facial Needs Beauty FPS 70 Bege Médio 40g,protetor solar facial,protecao_solar,Drogasil,49.9,https://www.drogasil.com.br/protetor-solar-facial-needs-beauty-bege-medio-fps70.html?origin=search,True,2026-06-04 02:04:37
6d287412a001,Protetor Solar Facial Principia Skincare PS-01 14% Mix de Filtros UV + 5% Niacinamida FPS 40 40ml,protetor solar facial,protecao_solar,Drogasil,44.0,https://www.drogasil.com.br/principia-protetor-solar-fps40-ps-01-40ml-1317516.html?origin=search,True,2026-06-04 02:04:37
6d287412a001,Protetor Solar Facial FPS 50 Bioré UV Perfect Milk 40ml,protetor solar facial,protecao_solar,Drogasil,74.99,https://www.drogasil.com.br/biore-uv-perfect-milk-40ml.html?origin=search,True,2026-06-04 02:04:37
6d287412a001,Kit Bioderma Photoderm Protetor Solar Facial XDefense Ultra-Fluid FPS 50+ Invisível 40ml + Óleo Bifásico Eau Solaire Bro,protetor solar facial,protecao_solar,Drogasil,275.8,https://www.drogasil.com.br/kit-bioderma-photoderm-protetor-solar-facial-xdefense-ultra-fluid-fps-50-invisivel-40ml-oleo-bifasico-eau-solaire-bronz-fps-30-200ml-1448861.html?origin=search,True,2026-06-04 02:04:37
6d287412a001,Protetor Solar Facial Principia Skincare PS-01 20% Mix de Filtros UV + 5% Niacinamida FPS 99 40ml,protetor solar facial,protecao_solar,Drogasil,69.0,https://www.drogasil.com.br/principia-protetor-solar-20-mix-de-filtros-uv-5-niacinamida-fps-99-skincare-ps-01-40ml-1293484.html?origin=search,True,2026-06-04 02:04:38
6d287412a001,Protetor Solar Facial Helioderm FPS 70 Ativo Hialurônico 50g,protetor solar facial,protecao_solar,Drogasil,46.53,https://www.drogasil.com.br/helioderm-protetor-solar-facial-sem-cor-fps70-50g.html?origin=search,True,2026-06-04 02:04:38
6d287412a001,"nivea , NIVEA SUN Toque Seco Antissinais FPS 70 - Protetor Solar Facial 40ml ,",protetor solar facial,protecao_solar,Beleza na Web,48.9,https://b.us5.us.criteo.com/rm?dest=https%3a%2f%2fwww.belezanaweb.com.br%2fnivea-sun-toque-seco-antissinais-fps-70-protetor-solar-facial-40ml%3fsellerId%3dbeleza&sig=1-ed1A0QekDWx6d39wyv9I7ZxYZaGPgPJh8vSEtUST2NQ&rm_e=mGz-6SqKPPkML0hXjaDF3RATvgBKd1nljx_cRsq_r61X_l2lKQuicVo4kMOkHa_mY9pRToLUxMojFut4uy3A2TX27T-K08kCnsV_XnL4tN1QbuwsGjId4_w9smmGhyk1LYFDtabsRyJDHGyc3Lbc17vZ3kDUADna-aL9EgHr8pENA80G0_TjJisxfFpKZB8ElFTRRZuO2GpOnQ_1prwPEWogbvwSbCGHWc5Q5Am_kcw2sGQMdJUzwOyn1KXHee_Sem-cCLXRYstZ2-MK2-Icz1BlChwm0EBnBv3wt8sL85tSDlu0uh1jsUcirMvtFgEta5-4PaxQ4FJ1JxRvslliB5KlD1WerYJ3JeESt-Mnz9P32oAnJpMbsibdPsccAIhq7-suQndWVIKQ3EoQ-T8kIcefU0KT9R0gJ8X1x76PVHHY7hlqRe8x9uhj4B7QkdwY&ev=4,True,2026-06-04 02:04:48
6d287412a001,"la roche-posay , La Roche-Posay Anthelios Ultra Cover Cor 3.0 FPS60 - Protetor Solar Facial Com Cor 30g ,",protetor solar facial,protecao_solar,Beleza na Web,119.9,https://b.us5.us.criteo.com/rm?dest=https%3a%2f%2fwww.belezanaweb.com.br%2fla-rocheposay-anthelios-ultra-cover-cor-30-fps60-protetor-solar-facial-com-cor-30g%3fsellerId%3dbeleza&sig=1-vI_4R7gQ6i5dzJVJH1fEV0ozHI96ebEF4vyTuUdTQd4&rm_e=dmHY2ioGz2PGS0-jIFTKQ9JeYNTYGznfRQdPBbI9iCW01OARzjXQTl5DtmekbOM3Xrj263qGSYOfWCKAcseqjtFy-4ml2OcD1JoajKhz96OfScHgH8F_r0P-Hf9FwAQuALuukZkG_kDMDjcNK0u7JCMu4i3kH03jcYIR0Kf4093UkNMLwbIXk3FM343wFJH8uwpgFRbkovYKl1fCU0NM5A8hoFbZhxg_g_qvAsPvwILBVNSj1YJ3hhHf7R1zyL4JheYYo1z6j523jVfOwxLjfGYRDVazL78XvLN9y573i9ZTFk8G8kuRHAJP6uKBmXcvRFbaN4CFKXJzLTRTq-CNhX6o53mNuYPFKGZSV8qeh4aQYZFNkr4ek5dI4bcPKHl7TMGz3sV9-5v7sFGcnycdQP_-6YnNDJQnB5a7Os6XnbppeRiHVy3y7ZoqVXrklDlPn6D20QjtwYn-jAHwIJBpEw&ev=4,True,2026-06-04 02:04:48
6d287412a001,"Eucerin , Sun Pigment Control FPS 60 - Protetor Solar Facial Antimanchas 50ml ,",protetor solar facial,protecao_solar,Beleza na Web,134.9,https://www.belezanaweb.com.br/eucerin-sun-pigment-control-fps-60-protetor-solar-facial-antimanchas-50ml/,True,2026-06-04 02:04:48
6d287412a001,"Eucerin , Sun Oil Control Creme Facial FPS 60 - Protetor Solar Facial 50ml ,",protetor solar facial,protecao_solar,Beleza na Web,119.9,https://www.belezanaweb.com.br/eucerin-sun-oil-control-creme-facial-fps-60-protetor-solar-facial-50ml/,True,2026-06-04 02:04:48
6d287412a001,"Neutrogena , Sun Fresh Derm Care FPS 70 - Protetor Solar Facial 40g , Preço menor no App ,",protetor solar facial,protecao_solar,Beleza na Web,79.9,https://www.belezanaweb.com.br/neutrogena-sun-fresh-derm-care-fps-70-protetor-solar-facial-40g/,True,2026-06-04 02:04:48
6d287412a001,"ISDIN , Fusion Water 5 Stars FPS50 Color Clara - Protetor Solar Facial com Cor 50ml ,",protetor solar facial,protecao_solar,Beleza na Web,127.9,https://www.belezanaweb.com.br/isdin-fusion-water-5-stars-fps50-color-clara-protetor-solar-facial-com-cor-50ml/,True,2026-06-04 02:04:48
6d287412a001,"La Roche-Posay , Anthelios Ultra Cover FPS60 2.5 - Protetor Solar Facial Com Cor 30g , Dermocosmético ,",protetor solar facial,protecao_solar,Beleza na Web,119.9,https://www.belezanaweb.com.br/la-rocheposay-anthelios-ultra-cover-fps60-25-protetor-solar-facial-com-cor-30g/,True,2026-06-04 02:04:48
6d287412a001,"NeoStrata , Minesol Oil Control FPS 70 - Protetor Solar Facial 40g , Preço menor no App ,",protetor solar facial,protecao_solar,Beleza na Web,117.9,https://www.belezanaweb.com.br/neostrata-minesol-oil-control-fps-70-protetor-solar-facial-40g/,True,2026-06-04 02:04:48
6d287412a001,"sallve , Sallve Antimanchas FPS 90 Cor 4 - Protetor Solar 15g ,",protetor solar facial,protecao_solar,Beleza na Web,99.9,https://b.us5.us.criteo.com/rm?dest=https%3a%2f%2fwww.belezanaweb.com.br%2fsallve-antimanchas-fps-90-cor-4-protetor-solar-15g%3fsellerId%3dbeleza&sig=1-5bdSdpHMLTC1-ZDBVmBZQ5hNQ6DaK7G2Xs0qW9HqDm8&rm_e=TZCuOpvfQm6Je5_94JhWj59_89QvgMmTGu1N78bjVCIujps0QI3Dx9_HqJanco-5ftSX4sZ62oDSkamM_JCLWIIXxLrHjb3PzGhIHVvdaCz-KD0KLhYZfELxR4UinZwIef1ZSomic14br567UPrhlzeQUBxlI6TEeC1B_8ZdpwAs49LV9xMh63NQbL2uXNcW3KoBy3WP1McUl_2pEjF3adgdZqf2iakzC1XNY06sbKk4PqvCy817pLGO3OVLBtLuUkcWKKS5_CvnOYDM36iF_TUi6oqgg3RhV88fkMpN_iEUQjdVxnaTsCM8KKdPTO876zSG5zTspofLkhq_xjKzIlZFQDBJ7hGxbo_LmeKpb8X4hBEv7_eOHWuwh9N38iaWYOAc3XUuIjHRSm-GxA1Y_g&ev=4,True,2026-06-04 02:04:48
6d287412a001,"sallve , Sallve Antimanchas FPS 90 Cor 8 - Protetor Solar 15g ,",protetor solar facial,protecao_solar,Beleza na Web,99.9,https://b.us5.us.criteo.com/rm?dest=https%3a%2f%2fwww.belezanaweb.com.br%2fsallve-antimanchas-fps-90-cor-8-protetor-solar-15g%3fsellerId%3dbeleza&sig=1-r6pSZZacE-pEvXUUDPe7COR9f8xyvTbZ3mSRbrHtuAo&rm_e=Z-xgINjlQx8BvNxs8LdmRInO0EFx1vuPwoNHCa_rzN9S5ykO4z-8fEytXfQal_e8BDHJRoSSCQ5KL4cH2U2QzbmWt3Wb_nNRKEUw0grMduOWliQ0vw9Yy7XGe-v8bl8jecOj_H_uuuet3vMKl6rnW0IcN2w5z9tHlw_2awis46HDixdtYL0FrIN_VMggIliQG9A7Uufc7zWZnbf6UQ6gOGCsV3cx6NkcLhlAMz06h7qENV-zPcrSCvlakryGRLDEpnzTUY6FrqNIga6meFaMitVJjTxvshmCoEF53woY1BBzVyBWSzPyu2975Wmp55ddXEhU_taj25OF0bXnoctekFuO8x8ue4xxLUTcXyFdZV9geJ6n-a4547z3QPq1D9IwyvuxYerR1S-q7B3CVgIIJw&ev=4,True,2026-06-04 02:04:48
6d287412a001,"la roche-posay , La Roche-Posay Anthelios Airlicium FPS 80 - Protetor Solar Facial 40g ,",protetor solar facial,protecao_solar,Beleza na Web,128.9,https://b.us5.us.criteo.com/rm?dest=https%3a%2f%2fwww.belezanaweb.com.br%2fla-rocheposay-anthelios-airlicium-fps-80-protetor-solar-facial-40g%3fsellerId%3dbeleza&sig=1-2ndRF7X-cgL82Pz-EmHb2B7Tu-yuwPNhDF3MMzD5LT4&rm_e=sNaJxZK94pArCDjXOxpNCLaHtzXI-C3BwkocqaPu5rVfbzeMPB153oM5BzgfrtnpXOD-8ENmkN5CrPBwgwPdOYOmXvE2TSvpPm8Ts-8bkz3ajCxtpQYKnqP1RmWPdNYH-wegg3whPkC2AX4-MhGwLnyabtWCU1r3z0zE4GEiAbrg21ILTvLNCdC3o66_3FBzBtlYJRLL2GQCQr7pRa7jKRqlvPip5lo2NKW-_eyqSQo4dEocXc4f8jYaDFZdG8hpGoDxQBwuicrPes8BbBIcolgwJTkvYKNEalvzAB1gzY-LczXz9VtQyUeZXqpCMyoZYzDMA2wlf-8QZdUeo9xW1-65OXDf7JtCWswT6YgpdxUs7M3rPh51LDHUcXg7id75uHakmtECHRZlZf0bX4bwlDiZ8S2fqeT79Ryn_42BuJAQ2WVWJQPyVBZ3kIVyvMy5&ev=4,True,2026-06-04 02:04:48
6d287412a001,"principia , Principia FPS 60 PS-01 - Protetor Solar 40ml ,",protetor solar facial,protecao_solar,Beleza na Web,49.0,https://b.us5.us.criteo.com/rm?dest=https%3a%2f%2fwww.belezanaweb.com.br%2fprincipia-fps-60-ps01-protetor-solar-40ml%2f%3fsellerId%3d66bf8cd4b432743f8607f222&sig=1-GhIBXoJvRunIcjyn_Yw7GLW1ORgnnYluxgtKLhX_M_U&rm_e=XfSlgD050i4s3RwxtGRmLyXiMtDv1fk_z5syvTbtrTXFSQi38dS6BWi8jXBewHViPW2KLAknjgScfbF17ocrJvlrORynNOK_td_4zY-wlOMUibydxddwtJyPGlDd_KM2zlEtJEYG5LL4GgTF5Ay6oEYx1txaDdbK4XJ7UKWrAQNADRIWmjSxAd55TnlvTogIlcxZeEdhRZxaKzp6Fvsh0jDVkIaLTWQsVBsORUBFlWxVnU2X2_IlxFB_EmPPLE7tMzJicvesXcZrg0GjAjRcLelXuINb2S0mp3ktK53Cokf-c2_KFnoCh_XB6svEpMYkug8uVRy6c0CcXvSBIqcu2fv9sBY2vbnR1vaPd1UoTAN3yHs6c7NM0aZi1sYEjFXJ8OgrxHv53znNInsQlWWutRtcTm4Z3MHGzZHTany727LekWIvvZuF2g-zfhPqGBHV&ev=4,True,2026-06-04 02:04:48
6d287412a001,"Eucerin , Sun FPS 50 - Protetor Solar Facial Antissinais 50g ,",protetor solar facial,protecao_solar,Beleza na Web,215.72,https://www.belezanaweb.com.br/eucerin-sun-fps-50-protetor-solar-facial-antissinais-50g/,True,2026-06-04 02:04:48
6d287412a001,"Australian Gold , Antipoluição FPS 30 - Protetor Solar Facial 50g , Vencimento Out/26 ,",protetor solar facial,protecao_solar,Beleza na Web,62.9,https://www.belezanaweb.com.br/australian-gold-antipoluicao-fps-30-protetor-solar-facial-50g/,True,2026-06-04 02:04:48
6d287412a001,"Eucerin , Sun Pigment Control Cor Clara FPS 70 - Protetor Solar Facial Antimanchas 50ml ,",protetor solar facial,protecao_solar,Beleza na Web,134.9,https://www.belezanaweb.com.br/eucerin-sun-pigment-control-cor-clara-fps-70-protetor-solar-facial-antimanchas-50ml/,True,2026-06-04 02:04:48
6d287412a001,Máscara Facial Com Vitamina C - Serum Face Mask 20Ml Não,serum facial vitamina c,tratamento,Drogasil,49.9,https://www.drogasil.com.br/mascara-facial-com-vitamina-c-serum-face-mask-20ml-759018.html?origin=search,True,2026-06-04 02:04:55
6d287412a001,Sérum Facial de Vitamina C E Ácido Salicílico - Vitamin C + Salicilyc Acid Serum 30Ml,serum facial vitamina c,tratamento,Drogasil,89.9,https://www.drogasil.com.br/serum-facial-de-vitamina-c-e-acido-salicilico-vitamin-c-salicilyc-acid-serum-30ml-752028.html?origin=search,True,2026-06-04 02:04:55
6d287412a001,Sérum Facial De Vitamina C E Ácido Ferulico - Vitamin C + Ferulic Acid Serum 30Ml,serum facial vitamina c,tratamento,Drogasil,129.9,https://www.drogasil.com.br/serum-facial-de-vitamina-c-e-acido-ferulico-vitamin-c-ferulic-acid-serum-30ml-752027.html?origin=search,True,2026-06-04 02:04:55
6d287412a001,"Océane , Serum Face Mask Vitamina C - Máscara Facial 20ml , Vegano ,",serum facial vitamina c,tratamento,Beleza na Web,31.9,https://www.belezanaweb.com.br/oceane-serum-face-mask-vitamina-c-mascara-facial-20ml/,True,2026-06-04 02:05:02
6d287412a001,"Bel Col , Serum Facial Vitamina C 20% Ácido Hialurônico 30ml ,",serum facial vitamina c,tratamento,Beleza na Web,340.0,https://www.belezanaweb.com.br/mp425715-bel-col-serum-facial-vitamina-c-20-acido-hialuronico-30ml/,True,2026-06-04 02:05:02
6d287412a001,Sérum Facial de Retinol E Niacinamida - Retinol + Niacinamide Serum 30 Ml,serum facial niacinamida,tratamento,Drogasil,395.0,https://www.drogasil.com.br/skinceuticals-serum-com-peptideos-p-tiox-30ml-1057497.html?origin=search,True,2026-06-04 02:05:11
